{
  "history_1": {
    "popular": {
      "recall@10": 0.016225165562913906,
      "ndcg@10": 0.007912195114990923,
      "recall@20": 0.0402317880794702,
      "ndcg@20": 0.013888661386293152
    },
    "sequence": {
      "recall@10": 0.1336092715231788,
      "ndcg@10": 0.07066496762494034,
      "recall@20": 0.19850993377483445,
      "ndcg@20": 0.08703022302284871
    },
    "hybrid": {
      "recall@10": 0.0814569536423841,
      "ndcg@10": 0.04385837337355628,
      "recall@20": 0.12963576158940399,
      "ndcg@20": 0.05597560723188952
    }
  },
  "history_3": {
    "popular": {
      "recall@10": 0.016225165562913906,
      "ndcg@10": 0.00794870193816306,
      "recall@20": 0.0402317880794702,
      "ndcg@20": 0.013937514866441049
    },
    "sequence": {
      "recall@10": 0.21307947019867549,
      "ndcg@10": 0.11577596111534993,
      "recall@20": 0.3028145695364238,
      "ndcg@20": 0.13835330828162942
    },
    "hybrid": {
      "recall@10": 0.10596026490066225,
      "ndcg@10": 0.05752444805669485,
      "recall@20": 0.16341059602649008,
      "ndcg@20": 0.07195079059553318
    }
  },
  "history_5": {
    "popular": {
      "recall@10": 0.016556291390728478,
      "ndcg@10": 0.008084440107910065,
      "recall@20": 0.0402317880794702,
      "ndcg@20": 0.013993935215672663
    },
    "sequence": {
      "recall@10": 0.23228476821192054,
      "ndcg@10": 0.1266027212772917,
      "recall@20": 0.32317880794701986,
      "ndcg@20": 0.14958433836815535
    },
    "hybrid": {
      "recall@10": 0.10894039735099338,
      "ndcg@10": 0.0570380700694028,
      "recall@20": 0.1672185430463576,
      "ndcg@20": 0.07170859989668764
    }
  },
  "history_10": {
    "popular": {
      "recall@10": 0.01705298013245033,
      "ndcg@10": 0.008315066808255472,
      "recall@20": 0.0402317880794702,
      "ndcg@20": 0.014115155220975149
    },
    "sequence": {
      "recall@10": 0.24503311258278146,
      "ndcg@10": 0.13608828586145255,
      "recall@20": 0.3478476821192053,
      "ndcg@20": 0.16196083914546153
    },
    "hybrid": {
      "recall@10": 0.11903973509933775,
      "ndcg@10": 0.06268162218841411,
      "recall@20": 0.17698675496688743,
      "ndcg@20": 0.07728973655328283
    }
  },
  "history_20": {
    "popular": {
      "recall@10": 0.0173841059602649,
      "ndcg@10": 0.008736044602981559,
      "recall@20": 0.0402317880794702,
      "ndcg@20": 0.014523655905097192
    },
    "sequence": {
      "recall@10": 0.2609271523178808,
      "ndcg@10": 0.14410855715479765,
      "recall@20": 0.36870860927152316,
      "ndcg@20": 0.17133486256289404
    },
    "hybrid": {
      "recall@10": 0.11092715231788079,
      "ndcg@10": 0.05764648642297041,
      "recall@20": 0.16804635761589404,
      "ndcg@20": 0.0721005705267392
    }
  },
  "personalization_beats_popularity_from_history_size": 1
}